Pos,ID,Name,BV,SV,Team,3_xMins,3_Pts,4_xMins,4_Pts,5_xMins,5_Pts,Elite%
F,1,Balogun,4.5,4.5,Arsenal,3,0.13,8,0.35,12,0.77,0.00
D,2,Cédric,4.0,4.0,Arsenal,0,0.00,0,0.00,1,0.06,0.00
M,3,M.Elneny,4.4,4.4,Arsenal,0,0.00,0,0.00,0,0.00,0.00
M,4,Fábio Vieira,5.4,5.4,Arsenal,5,0.41,6,0.40,5,0.36,0.00
D,5,Gabriel,5.0,5.0,Arsenal,77,3.90,79,2.95,76,3.48,0.57
M,6,Havertz,7.5,7.5,Arsenal,71,5.58,66,3.98,58,3.64,0.18
D,7,Holding,4.5,4.5,Arsenal,0,0.00,0,0.00,0,0.00,0.00
F,8,G.Jesus,7.9,7.9,Arsenal,0,0.00,25,1.40,71,3.89,0.00
M,9,Jorginho,5.5,5.5,Arsenal,18,0.81,16,0.65,19,0.76,0.00
D,10,Kiwior,4.5,4.5,Arsenal,21,0.93,19,0.66,20,0.87,0.00
M,11,Marquinhos,4.5,4.5,Arsenal,0,0.00,0,0.00,0,0.00,0.00
M,12,Martinelli,8.0,8.0,Arsenal,81,6.08,77,4.52,72,4.37,0.43
F,13,Nketiah,5.5,5.5,Arsenal,34,2.52,28,1.66,16,0.96,0.00
M,14,Ødegaard,8.5,8.5,Arsenal,86,5.90,83,4.40,80,4.43,0.12
M,15,Thomas,5.0,5.0,Arsenal,73,2.82,71,2.31,68,2.31,0.00
M,16,Pepe,5.0,5.0,Arsenal,0,0.00,0,0.00,0,0.00,0.00
G,17,Ramsdale,5.0,5.0,Arsenal,45,1.97,46,1.78,45,1.93,0.00
G,18,Rúnarsson,4.0,4.0,Arsenal,0,0.00,0,0.00,0,0.00,0.00
M,19,Saka,8.6,8.6,Arsenal,86,6.82,86,5.14,83,5.10,0.98
D,20,Saliba,5.1,5.1,Arsenal,91,4.18,89,2.97,86,3.66,0.44
M,21,Sambi,5.0,5.0,Arsenal,0,0.00,0,0.00,0,0.00,0.00
M,22,Smith Rowe,5.4,5.4,Arsenal,8,0.63,9,0.58,8,0.51,0.00
D,23,Tavares,4.0,4.0,Arsenal,0,0.00,0,0.00,0,0.00,0.00
D,24,Tierney,4.5,4.5,Arsenal,6,0.30,6,0.24,5,0.21,0.00
D,25,Tomiyasu,4.5,4.5,Arsenal,35,1.87,36,1.50,33,1.62,0.00
M,26,Trossard,6.9,6.9,Arsenal,34,2.74,33,2.09,26,1.74,0.00
D,27,Trusty,4.0,4.0,Sheffield Utd,12,0.22,13,0.46,14,0.30,0.00
G,28,Turner,4.0,4.0,Nott'm Forest,94,3.04,93,3.03,91,3.73,0.97
D,29,White,5.5,5.5,Arsenal,84,4.22,82,3.08,79,3.63,0.00
M,30,Xhaka,6.0,6.0,Arsenal,0,0.00,0,0.00,0,0.00,0.00
D,31,Zinchenko,5.0,5.0,Arsenal,63,3.54,67,2.83,76,3.82,0.00
D,32,Alex Moreno,5.0,5.0,Aston Villa,0,0.00,10,0.29,52,2.75,0.00
F,33,Archer,4.5,4.5,Aston Villa,21,1.11,24,1.21,30,1.25,0.60
M,34,Bailey,5.5,5.5,Aston Villa,55,2.90,51,2.20,48,2.88,0.00
M,35,Buendia,5.9,5.9,Aston Villa,0,0.00,0,0.00,0,0.00,0.00
D,36,Cash,4.5,4.5,Aston Villa,86,3.45,82,1.72,80,3.62,0.01
D,37,Chambers,4.0,4.0,Aston Villa,19,0.79,24,0.63,17,0.76,0.00
M,38,Coutinho,6.0,6.0,Aston Villa,27,1.59,30,1.42,25,1.61,0.00
F,39,Davis,5.0,5.0,Aston Villa,2,0.14,3,0.18,1,0.12,0.00
M,40,Dendoncker,4.9,4.9,Aston Villa,4,0.16,7,0.26,14,0.58,0.00
D,41,Diego Carlos,4.5,4.5,Aston Villa,36,1.42,41,0.89,36,1.57,0.00
D,42,Digne,4.5,4.5,Aston Villa,76,3.43,66,1.73,38,1.96,0.00
M,43,Douglas Luiz,5.5,5.5,Aston Villa,79,3.02,77,2.40,76,3.21,0.00
F,44,Duran,5.0,5.0,Aston Villa,3,0.20,8,0.41,14,0.91,0.00
D,45,Hause,4.0,4.0,Aston Villa,1,0.06,2,0.07,2,0.09,0.00
M,46,Iroegbunam,4.5,4.5,Aston Villa,0,0.00,2,0.11,2,0.13,0.00
M,47,Kamara,5.0,5.0,Aston Villa,74,2.16,72,1.83,67,2.07,0.00
D,48,Konsa,4.5,4.5,Aston Villa,77,3.03,75,1.54,74,3.21,0.00
G,49,Martinez,5.0,5.0,Aston Villa,94,3.87,93,3.17,92,3.92,0.00
M,50,McGinn,5.5,5.5,Aston Villa,76,2.57,75,2.11,73,2.66,0.00
D,51,Mings,4.4,4.4,Aston Villa,0,0.00,0,0.00,0,0.00,0.00
M,52,Nakamba,4.5,4.5,Luton,82,1.80,80,1.95,80,1.86,0.01
G,53,Olsen,4.0,4.0,Aston Villa,1,0.04,2,0.07,3,0.12,0.00
M,54,Philogene,4.5,4.5,Aston Villa,16,0.98,11,0.58,10,0.65,0.00
M,55,J.Ramsey,6.0,6.0,Aston Villa,0,0.00,0,0.00,10,0.47,0.00
M,56,Sanson,4.5,4.5,Aston Villa,0,0.00,0,0.00,0,0.00,0.00
G,57,Sinisalo,4.0,4.0,Aston Villa,0,0.00,0,0.00,0,0.00,0.00
M,58,Tielemans,6.0,6.0,Aston Villa,48,2.08,53,1.87,56,2.59,0.00
M,59,Bertrand Traoré,5.0,5.0,Aston Villa,3,0.22,6,0.32,10,0.62,0.00
F,60,Watkins,8.0,8.0,Aston Villa,88,4.64,86,3.53,85,5.02,0.42
F,61,Wesley,5.0,5.0,Aston Villa,0,0.00,0,0.00,0,0.00,0.00
M,62,Anthony,5.0,5.0,Bournemouth,54,2.33,50,2.08,45,1.95,0.00
M,63,Billing,5.5,5.5,Bournemouth,87,2.91,81,2.63,75,2.57,0.00
M,64,Brooks,5.0,5.0,Bournemouth,61,2.54,58,2.33,54,2.26,0.00
M,65,Christie,5.0,5.0,Bournemouth,63,2.54,58,2.25,54,2.23,0.00
M,66,L.Cook,5.0,5.0,Bournemouth,3,0.12,24,0.75,60,1.76,0.00
M,67,Siriki,4.5,4.5,Bournemouth,0,0.00,0,0.00,0,0.00,0.00
D,68,Fredericks,4.5,4.5,Bournemouth,5,0.15,8,0.25,9,0.31,0.00
D,69,Hill,4.0,4.0,Bournemouth,0,0.00,1,0.04,3,0.08,0.00
D,70,Kelly,4.5,4.5,Bournemouth,70,1.78,81,1.99,77,2.02,0.00
M,71,Kilkenny,4.5,4.5,Bournemouth,22,0.74,15,0.53,6,0.21,0.00
M,72,Kluivert,4.9,4.9,Bournemouth,48,2.32,55,2.47,53,2.48,0.00
M,73,Lowe,5.0,5.0,Bournemouth,2,0.10,3,0.17,2,0.13,0.00
M,74,Marcondes,4.5,4.5,Bournemouth,0,0.00,0,0.00,0,0.00,0.00
D,75,Mepham,4.4,4.4,Bournemouth,28,0.72,25,0.65,27,0.72,0.00
F,76,Moore,5.0,5.0,Bournemouth,14,0.74,15,0.78,18,0.92,0.00
G,77,Neto,4.5,4.5,Bournemouth,94,3.29,93,3.23,92,3.26,0.00
M,78,O.Dango,4.9,4.9,Bournemouth,0,0.00,0,0.00,8,0.37,0.00
M,79,Pearson,4.5,4.5,Bournemouth,0,0.00,0,0.00,0,0.00,0.00
G,80,Randolph,4.0,4.0,Bournemouth,0,0.00,0,0.00,1,0.04,0.00
M,81,Rothwell,5.0,5.0,Bournemouth,73,2.52,53,1.91,29,1.21,0.00
F,82,Semenyo,4.5,4.5,Bournemouth,3,0.23,5,0.29,6,0.34,0.00
D,83,Senesi,4.5,4.5,Bournemouth,85,2.16,84,2.09,80,2.14,0.00
D,84,Smith,4.5,4.5,Bournemouth,20,0.61,32,0.94,41,1.27,0.00
F,85,Solanke,6.5,6.5,Bournemouth,84,3.83,82,3.48,79,3.56,0.00
M,86,Tavernier,5.5,5.5,Bournemouth,0,0.00,0,0.00,2,0.09,0.00
M,87,Hamed Traorè,5.0,5.0,Bournemouth,38,1.81,37,1.69,33,1.56,0.00
G,88,Travers,4.0,4.0,Bournemouth,0,0.00,0,0.00,0,0.00,0.00
D,89,Zabarnyi,4.5,4.5,Bournemouth,79,1.92,75,1.80,75,1.88,0.00
D,90,Ajer,4.5,4.5,Brentford,24,1.00,23,0.95,24,0.62,0.00
G,91,Balcombe,4.0,4.0,Brentford,0,0.00,0,0.00,0,0.00,0.00
M,92,Baptiste,4.5,4.5,Brentford,14,0.63,13,0.63,18,0.70,0.00
D,93,Bech,4.0,4.0,Brentford,4,0.15,4,0.17,6,0.16,0.00
M,94,Bidstrup,4.5,4.5,Brentford,0,0.00,0,0.00,0,0.00,0.00
M,95,Canós,5.0,5.0,Brentford,0,0.00,0,0.00,0,0.00,0.00
D,96,Collins,4.5,4.5,Brentford,45,1.89,44,1.92,46,1.09,0.00
G,97,Cox,4.0,4.0,Brentford,0,0.00,0,0.00,0,0.00,0.00
M,98,Damsgaard,5.0,5.0,Brentford,42,2.21,41,2.26,43,1.77,0.00
M,99,Dasilva,5.0,5.0,Brentford,18,0.94,26,1.33,26,1.10,0.00
F,100,Dervişoğlu,4.5,4.5,Brentford,0,0.00,0,0.00,0,0.00,0.00
G,101,Flekken,4.5,4.5,Brentford,94,3.87,92,3.86,93,3.18,0.07
D,102,Goode,4.0,4.0,Brentford,0,0.00,0,0.00,0,0.00,0.00
D,103,Henry,4.6,4.6,Brentford,91,3.74,86,3.72,86,1.97,0.04
D,104,Hickey,4.5,4.5,Brentford,82,3.40,77,3.38,75,1.82,0.00
M,105,Janelt,5.5,5.5,Brentford,73,2.52,71,2.52,67,1.95,0.00
M,106,Jensen,5.5,5.5,Brentford,70,3.14,66,3.06,65,2.31,0.00
M,107,Lewis-Potter,5.0,5.0,Brentford,30,1.91,30,1.98,34,1.61,0.00
M,108,Mbeumo,6.6,6.6,Brentford,83,5.46,80,5.55,78,3.58,0.72
D,109,Mee,5.0,5.0,Brentford,63,2.71,81,3.64,79,1.88,0.00
M,110,Nørgaard,5.5,5.5,Brentford,78,2.58,76,2.58,74,2.02,0.00
M,111,Onyeka,4.9,4.9,Brentford,10,0.50,12,0.58,13,0.56,0.00
D,112,Pinnock,4.5,4.5,Brentford,86,3.67,83,3.65,78,1.85,0.00
G,113,Raya,4.9,4.9,Arsenal,50,2.26,49,1.94,50,2.21,0.00
D,114,Roerslev,4.5,4.5,Brentford,8,0.38,10,0.47,11,0.34,0.00
M,115,Schade,5.5,5.5,Brentford,51,2.62,52,2.78,54,2.13,0.00
G,116,Strakosha,4.0,4.0,Brentford,1,0.04,3,0.11,2,0.08,0.00
F,117,Toney,8.0,8.0,Brentford,0,0.00,0,0.00,0,0.00,0.00
M,118,Trevitt,4.5,4.5,Brentford,0,0.00,0,0.00,0,0.00,0.00
F,119,Wissa,6.1,6.1,Brentford,75,3.89,71,3.83,69,2.74,0.00
M,120,Yarmolyuk,4.5,4.5,Brentford,1,0.07,2,0.16,3,0.17,0.00
D,121,Zanka,4.5,4.5,Brentford,2,0.08,1,0.06,2,0.07,0.00
M,122,Adingra,5.0,5.0,Brighton,4,0.35,6,0.43,7,0.43,0.00
M,123,Alzate,4.5,4.5,Brighton,0,0.00,0,0.00,1,0.07,0.00
M,124,Ayari,4.5,4.5,Brighton,0,0.00,0,0.00,0,0.00,0.00
M,125,Buonanotte,4.9,4.9,Brighton,28,1.47,29,1.36,31,1.31,0.00
M,126,Caicedo,5.0,5.0,Chelsea,79,2.76,74,2.49,73,2.17,0.00
F,127,Connolly,4.5,4.5,Brighton,0,0.00,0,0.00,0,0.00,0.00
M,128,Dahoud,5.0,5.0,Brighton,81,2.84,78,2.46,78,2.22,0.00
D,129,Dunk,5.0,5.0,Brighton,92,3.38,90,2.62,90,1.75,0.01
M,130,Enciso,5.4,5.4,Brighton,31,2.11,32,1.90,36,1.80,0.00
D,131,Estupiñan,5.2,5.2,Brighton,89,3.75,86,2.85,84,1.92,0.99
F,132,Ferguson,6.0,6.0,Brighton,46,2.77,44,2.33,44,2.05,0.00
M,133,Gilmour,5.0,5.0,Brighton,33,1.33,32,1.22,34,1.20,0.00
M,134,Gross,6.4,6.4,Brighton,83,3.87,82,3.29,80,2.83,0.00
F,135,João Pedro,5.6,5.6,Brighton,66,4.31,63,3.53,62,2.94,0.33
D,136,Karbownik,4.0,4.0,Brighton,0,0.00,0,0.00,0,0.00,0.00
M,137,Kozłowski,4.5,4.5,Brighton,0,0.00,0,0.00,0,0.00,0.00
M,138,Lallana,4.9,4.9,Brighton,18,0.96,23,1.08,23,1.02,0.00
D,139,Lamptey,4.0,4.0,Brighton,5,0.23,9,0.34,15,0.44,0.00
M,140,March,6.6,6.6,Brighton,79,3.95,78,3.36,75,2.81,0.00
G,141,McGill,4.0,4.0,Brighton,0,0.00,0,0.00,0,0.00,0.00
M,142,Milner,5.0,5.0,Brighton,59,2.15,57,1.90,52,1.65,0.00
M,143,Mitoma,6.6,6.6,Brighton,79,3.92,77,3.31,75,2.79,0.20
M,144,Moder,4.5,4.5,Brighton,8,0.40,11,0.48,12,0.49,0.00
G,145,Sanchez,4.5,4.5,Chelsea,93,4.39,93,4.13,92,3.69,0.00
M,146,Sarmiento,4.5,4.5,Brighton,0,0.00,0,0.00,0,0.00,0.00
G,147,Scherpen,4.0,4.0,Brighton,0,0.00,0,0.00,0,0.00,0.00
G,148,Steele,4.5,4.5,Brighton,75,3.04,61,2.27,46,1.61,0.02
F,149,Undav,5.5,5.5,Brighton,0,0.00,0,0.00,0,0.00,0.00
D,150,Van Hecke,4.0,4.0,Brighton,13,0.51,17,0.51,17,0.38,0.00
D,151,Veltman,4.5,4.5,Brighton,16,0.70,17,0.64,18,0.56,0.00
G,152,Verbruggen,4.4,4.4,Brighton,20,0.83,34,1.28,48,1.67,0.00
D,153,Webster,4.4,4.4,Brighton,70,2.77,65,2.07,63,1.41,0.00
F,154,Welbeck,5.9,5.9,Brighton,32,2.01,34,1.88,32,1.59,0.00
F,155,Zeqiri,4.5,4.5,Brighton,1,0.08,1,0.09,2,0.15,0.00
M,156,Agyei,4.5,4.5,Burnley,0,0.00,0,0.00,0,0.00,0.00
D,157,Al-Dakhil,4.0,4.0,Burnley,46,1.37,42,1.15,47,1.57,0.00
M,158,Bastien,5.0,5.0,Burnley,0,0.00,1,0.09,0,0.00,0.00
M,159,Benson,5.5,5.5,Burnley,22,1.22,30,1.54,26,1.42,0.00
D,160,Beyer,4.0,4.0,Burnley,89,2.51,85,2.18,84,2.70,0.16
M,161,Brownhill,5.0,5.0,Burnley,50,1.72,50,1.68,51,1.81,0.00
M,162,Churlinov,4.5,4.5,Burnley,6,0.37,8,0.48,5,0.34,0.00
M,163,Cork,5.0,5.0,Burnley,22,0.74,22,0.74,24,0.82,0.00
M,164,Costelloe,4.5,4.5,Burnley,0,0.00,0,0.00,0,0.00,0.00
M,165,Cullen,5.0,5.0,Burnley,75,2.13,73,2.05,71,2.09,0.00
D,166,Egan-Riley,4.0,4.0,Burnley,1,0.06,3,0.09,4,0.14,0.00
D,167,Ekdal,4.0,4.0,Burnley,30,0.94,36,1.03,39,1.35,0.00
F,168,Foster,5.0,5.0,Burnley,54,2.48,41,1.92,36,1.85,0.00
G,169,Franchi,4.0,4.0,Burnley,0,0.00,0,0.00,0,0.00,0.00
M,170,Gudmundsson,5.0,5.0,Burnley,19,1.05,18,0.99,15,0.87,0.00
D,171,McNally,4.0,4.0,Burnley,0,0.00,0,0.00,0,0.00,0.00
G,172,Muric,4.5,4.5,Burnley,12,0.43,13,0.46,9,0.35,0.00
D,173,O'Shea,4.5,4.5,Burnley,77,2.24,74,1.94,71,2.33,0.00
F,174,Obafemi,5.0,5.0,Burnley,0,0.00,0,0.00,0,0.00,0.00
G,175,Peacock-Farrell,4.0,4.0,Burnley,0,0.00,0,0.00,0,0.00,0.00
D,176,Roberts,4.5,4.5,Burnley,84,2.82,82,2.51,77,2.91,0.00
F,177,Rodriguez,5.4,5.4,Burnley,32,1.75,34,1.79,32,1.75,0.00
D,178,Taylor,4.0,4.0,Burnley,35,1.16,38,1.14,36,1.31,0.00
D,179,Thomas,4.0,4.0,Burnley,0,0.00,0,0.00,0,0.00,0.00
M,180,Twine,4.9,4.9,Burnley,18,0.92,20,1.00,16,0.86,0.00
G,181,Vigouroux,4.0,4.0,Burnley,0,0.00,0,0.00,0,0.00,0.00
D,182,Vitinho,4.5,4.5,Burnley,41,1.52,43,1.47,38,1.55,0.00
F,183,Weghorst,5.5,5.5,Burnley,0,0.00,0,0.00,0,0.00,0.00
M,184,Zaroury,4.9,4.9,Burnley,0,0.00,0,0.00,55,2.39,0.00
D,185,Ampadu,4.0,4.0,Chelsea,0,0.00,0,0.00,0,0.00,0.00
M,186,Andrey,4.5,4.5,Chelsea,0,0.00,0,0.00,0,0.00,0.00
G,187,Arrizabalaga,5.0,5.0,Chelsea,0,0.00,0,0.00,0,0.00,0.00
F,188,Aubameyang,6.5,6.5,Chelsea,0,0.00,0,0.00,0,0.00,0.00
D,189,Azpilicueta,4.5,4.5,Chelsea,0,0.00,0,0.00,0,0.00,0.00
D,190,Baba,4.0,4.0,Chelsea,0,0.00,0,0.00,0,0.00,0.00
D,191,B.Badiashile,4.4,4.4,Chelsea,21,1.21,49,2.48,50,2.04,0.00
G,192,Bettinelli,4.0,4.0,Chelsea,0,0.00,0,0.00,0,0.00,0.00
F,193,Broja,5.0,5.0,Chelsea,0,0.00,0,0.00,0,0.00,0.00
D,194,Chalobah,4.4,4.4,Chelsea,4,0.17,9,0.38,13,0.51,0.00
D,195,Chilwell,5.7,5.7,Chelsea,84,5.74,80,5.09,78,3.91,0.91
M,196,Chukwuemeka,4.5,4.5,Chelsea,14,0.79,10,0.54,11,0.55,0.01
D,197,Colwill,4.5,4.5,Chelsea,76,4.22,65,3.32,63,2.56,0.06
D,198,Cucurella,5.0,5.0,Chelsea,14,0.78,14,0.75,14,0.61,0.00
M,199,Enzo,5.0,5.0,Chelsea,84,4.07,83,3.76,80,3.04,0.00
F,200,D.D.Fofana,5.0,5.0,Chelsea,0,0.00,0,0.00,0,0.00,0.00
D,201,W.Fofana,4.5,4.5,Chelsea,0,0.00,0,0.00,0,0.00,0.00
M,202,Gallagher,5.5,5.5,Chelsea,54,2.89,53,2.73,51,2.24,0.00
D,203,Gusto,4.0,4.0,Chelsea,59,3.44,54,2.90,37,1.68,0.01
D,204,Hall,4.5,4.5,Chelsea,3,0.14,3,0.16,3,0.14,0.00
M,205,Hudson-Odoi,5.0,5.0,Chelsea,12,0.75,15,0.76,16,0.92,0.00
D,206,James,5.5,5.5,Chelsea,3,0.20,15,0.99,38,2.05,0.27
F,207,Lukaku,6.9,6.9,Chelsea,2,0.14,3,0.18,6,0.43,0.00
M,208,Madueke,5.5,5.5,Chelsea,34,2.38,40,2.64,40,2.26,0.00
M,209,Mount,7.0,7.0,Man Utd,72,4.51,70,2.80,67,3.77,0.00
M,210,Mudryk,6.4,6.4,Chelsea,46,2.94,47,2.86,46,2.46,0.00
F,211,N.Jackson,7.0,7.0,Chelsea,83,5.68,80,5.11,76,4.09,0.32
F,212,Nkunku,7.4,7.4,Chelsea,0,0.00,0,0.00,0,0.00,0.00
M,213,Pulisic,5.5,5.5,Chelsea,0,0.00,0,0.00,0,0.00,0.00
D,214,M.Sarr,4.5,4.5,Chelsea,4,0.14,5,0.17,5,0.14,0.00
G,215,Slonina,4.0,4.0,Chelsea,0,0.00,0,0.00,0,0.00,0.00
M,216,Sterling,7.0,7.0,Chelsea,72,5.34,70,4.89,68,4.04,0.00
D,217,T.Silva,5.0,5.0,Chelsea,86,4.69,79,3.96,77,3.09,0.00
M,218,Ziyech,5.4,5.4,Chelsea,9,0.62,11,0.75,12,0.74,0.00
M,219,Ahamada,4.5,4.5,Crystal Palace,31,1.08,34,1.32,33,1.11,0.00
D,220,Andersen,4.5,4.5,Crystal Palace,89,2.34,84,3.47,82,1.95,0.00
M,221,J.Ayew,5.5,5.5,Crystal Palace,78,3.17,76,3.87,73,2.86,0.00
D,222,Clyne,4.5,4.5,Crystal Palace,16,0.52,19,0.83,21,0.61,0.00
M,223,C.Doucouré,5.0,5.0,Crystal Palace,89,2.38,86,2.64,84,2.20,0.00
M,224,Ebiowei,4.5,4.5,Crystal Palace,0,0.00,3,0.18,18,0.85,0.00
F,225,Edouard,5.5,5.5,Crystal Palace,67,2.79,65,3.24,65,2.62,0.00
M,226,Eze,6.5,6.5,Crystal Palace,87,4.16,81,4.94,81,3.66,0.04
G,227,Guaita,4.5,4.5,Crystal Palace,2,0.06,2,0.09,4,0.12,0.00
D,228,Guéhi,4.5,4.5,Crystal Palace,90,2.38,86,3.55,85,2.02,0.00
M,229,Hughes,5.0,5.0,Crystal Palace,0,0.00,0,0.00,0,0.00,0.00
G,230,Johnstone,4.5,4.5,Crystal Palace,93,3.34,93,3.90,91,3.15,0.10
M,231,Lerma,5.0,5.0,Crystal Palace,87,2.33,83,2.55,81,2.13,0.00
F,232,Mateta,5.0,5.0,Crystal Palace,34,1.72,34,2.00,35,1.66,0.00
G,233,Matthews,4.0,4.0,Crystal Palace,0,0.00,0,0.00,0,0.00,0.00
D,234,Mitchell,4.5,4.5,Crystal Palace,82,2.26,78,3.24,76,1.88,0.00
D,235,O'Brien,4.0,4.0,Crystal Palace,0,0.00,0,0.00,0,0.00,0.00
M,236,Olise,6.0,6.0,Crystal Palace,0,0.00,0,0.00,0,0.00,0.00
F,237,Plange,4.5,4.5,Crystal Palace,0,0.00,0,0.00,0,0.00,0.00
D,238,C.Richards,4.0,4.0,Crystal Palace,16,0.48,22,0.97,25,0.68,0.00
M,239,Riedewald,4.5,4.5,Crystal Palace,6,0.21,9,0.34,10,0.33,0.00
M,240,Schlupp,5.0,5.0,Crystal Palace,67,2.50,67,2.95,65,2.33,0.00
D,241,Tomkins,4.0,4.0,Crystal Palace,3,0.07,6,0.23,7,0.17,0.00
D,242,Ward,4.5,4.5,Crystal Palace,78,2.16,75,3.24,74,1.84,0.00
G,243,Whitworth,4.0,4.0,Crystal Palace,0,0.00,0,0.00,0,0.00,0.00
M,244,André Gomes,4.5,4.5,Everton,10,0.42,13,0.55,13,0.50,0.00
D,245,Branthwaite,4.0,4.0,Everton,1,0.07,3,0.11,4,0.11,0.00
F,246,Calvert-Lewin,5.9,5.9,Everton,59,3.16,68,3.35,66,2.76,0.00
D,247,Coleman,4.5,4.5,Everton,0,0.00,0,0.00,3,0.11,0.00
M,248,Dele,5.0,5.0,Everton,0,0.00,0,0.00,1,0.07,0.00
M,249,A.Doucoure,5.5,5.5,Everton,86,3.05,82,2.84,77,2.29,0.00
M,250,Garner,5.0,5.0,Everton,63,2.15,59,1.95,52,1.51,0.00
M,251,Gbamin,4.5,4.5,Everton,1,0.05,2,0.08,2,0.06,0.00
D,252,Godfrey,4.5,4.5,Everton,25,1.10,28,1.17,29,0.78,0.00
M,253,Gray,5.4,5.4,Everton,45,2.47,43,2.19,33,1.48,0.00
M,254,Gana,5.0,5.0,Everton,77,2.36,73,2.18,71,1.87,0.00
D,255,Holgate,4.0,4.0,Everton,26,1.11,28,1.14,25,0.67,0.00
M,256,Iwobi,5.5,5.5,Everton,87,3.41,84,3.13,78,2.51,0.00
D,257,Keane,4.5,4.5,Everton,85,3.65,80,3.28,79,1.80,0.00
F,258,Maupay,5.0,5.0,Everton,32,1.70,25,1.32,22,1.06,0.00
M,259,McNeil,5.4,5.4,Everton,0,0.00,0,0.00,27,1.04,0.00
D,260,Mykolenko,4.5,4.5,Everton,29,1.28,36,1.53,34,0.90,0.00
M,261,Onana,5.0,5.0,Everton,36,1.30,37,1.29,34,1.08,0.00
D,262,Patterson,4.5,4.5,Everton,82,3.38,79,3.10,74,1.71,0.00
G,263,Pickford,4.5,4.5,Everton,94,3.97,93,3.86,91,3.04,0.61
F,264,Simms,4.5,4.5,Everton,0,0.00,0,0.00,0,0.00,0.03
D,265,Tarkowski,4.5,4.5,Everton,92,3.84,89,3.49,88,1.89,0.01
G,266,J.Virginia,4.0,4.0,Everton,1,0.04,2,0.09,4,0.13,0.00
M,267,Andreas,5.5,5.5,Fulham,66,2.56,74,2.56,79,4.97,0.00
M,268,Cairney,5.0,5.0,Fulham,22,0.88,18,0.70,18,0.92,0.00
M,269,I.Cavaleiro,5.0,5.0,Fulham,0,0.00,0,0.00,0,0.00,0.00
M,270,De Cordova-Reid,5.5,5.5,Fulham,26,1.09,25,1.02,25,1.43,0.00
D,271,Diop,4.5,4.5,Fulham,81,1.01,70,0.65,69,2.98,0.00
M,272,Francois,4.5,4.5,Fulham,0,0.00,0,0.00,0,0.00,0.00
M,273,Knockaert,4.5,4.5,Fulham,0,0.00,0,0.00,0,0.00,0.00
D,274,Kongolo,4.0,4.0,Fulham,3,0.08,2,0.04,2,0.10,0.00
G,275,Leno,4.5,4.5,Fulham,94,3.10,92,3.09,91,3.98,0.00
M,276,Lukić,4.5,4.5,Fulham,42,1.34,32,1.03,33,1.45,0.00
D,277,Mbabu,4.0,4.0,Fulham,9,0.22,12,0.24,16,0.76,0.00
F,278,Mitrović,7.4,7.4,Fulham,0,0.00,0,0.00,0,0.00,0.00
F,279,Muniz,4.5,4.5,Fulham,0,0.00,0,0.00,1,0.10,0.00
M,280,J.Palhinha,5.0,5.0,Fulham,72,1.74,87,1.95,85,2.72,0.00
D,281,Ream,4.5,4.5,Fulham,0,0.00,73,0.67,72,3.08,0.00
M,282,Reed,5.0,5.0,Fulham,69,1.93,64,1.76,63,2.40,0.00
D,283,Robinson,4.5,4.5,Fulham,88,1.09,81,0.75,79,3.60,0.00
G,284,Rodák,4.0,4.0,Fulham,1,0.04,3,0.09,4,0.15,0.00
D,285,Tete,4.5,4.5,Fulham,85,1.15,79,0.81,75,3.62,0.00
D,286,Tosin,4.5,4.5,Fulham,46,0.61,27,0.30,30,1.35,0.00
F,287,Vinícius,4.9,4.9,Fulham,18,0.82,19,0.81,20,1.32,0.00
M,288,Wilson,5.5,5.5,Fulham,51,2.04,44,1.72,43,2.70,0.00
G,289,Adrián,4.0,4.0,Liverpool,0,0.00,0,0.00,0,0.00,0.00
D,290,Alexander-Arnold,8.0,8.0,Liverpool,76,2.90,85,4.52,81,4.55,0.01
G,291,A.Becker,5.5,5.5,Liverpool,94,3.60,92,3.93,92,4.11,0.00
M,292,Bajcetic,4.9,4.9,Liverpool,13,0.48,13,0.51,10,0.40,0.00
F,293,Darwin,7.4,7.4,Liverpool,49,2.57,50,3.20,50,3.06,0.00
M,294,Diogo J.,8.0,8.0,Liverpool,56,3.04,55,3.67,54,3.58,0.00
M,295,Elliott,5.0,5.0,Liverpool,43,1.90,38,1.97,35,1.79,0.00
M,296,Fabinho,5.0,5.0,Liverpool,0,0.00,0,0.00,0,0.00,0.00
F,297,Gakpo,7.5,7.5,Liverpool,65,2.97,64,3.46,63,3.36,0.00
D,298,Gomez,4.5,4.5,Liverpool,33,0.98,27,1.09,24,1.00,0.00
M,299,Henderson,5.0,5.0,Liverpool,0,0.00,0,0.00,0,0.00,0.00
M,300,Jones,5.0,5.0,Liverpool,18,0.69,31,1.32,36,1.57,0.00
G,301,Kelleher,4.0,4.0,Liverpool,0,0.00,3,0.11,3,0.11,0.00
D,302,Konaté,5.0,5.0,Liverpool,87,2.44,84,3.25,83,3.50,0.00
M,303,Luis Díaz,7.6,7.6,Liverpool,70,3.25,66,3.81,66,3.70,0.00
M,304,Mac Allister,6.0,6.0,Liverpool,0,0.00,0,0.00,0,0.00,0.00
D,305,Matip,5.0,5.0,Liverpool,28,0.92,18,0.74,18,0.78,0.00
D,306,Phillips,4.0,4.0,Liverpool,2,0.08,2,0.09,2,0.10,0.00
D,307,Robertson,6.5,6.5,Liverpool,78,2.84,75,3.83,74,3.95,0.00
M,308,Salah,12.5,12.5,Liverpool,89,4.95,87,6.34,84,5.74,0.11
M,309,Szoboszlai,7.0,7.0,Liverpool,78,3.26,76,3.91,71,3.60,0.00
M,310,Thiago,4.9,4.9,Liverpool,19,0.69,31,1.21,47,1.73,0.00
D,311,Tsimikas,4.5,4.5,Liverpool,8,0.38,7,0.43,7,0.45,0.00
D,312,Van den Berg,4.0,4.0,Liverpool,0,0.00,0,0.00,0,0.00,0.00
D,313,Virgil,6.0,6.0,Liverpool,91,2.73,88,3.68,86,3.88,0.00
F,314,Adebayo,5.0,5.0,Luton,65,2.24,66,2.80,62,2.51,0.00
D,315,Andersen,4.0,4.0,Luton,85,1.33,71,1.91,59,1.32,0.00
D,316,Bell,4.0,4.0,Luton,81,1.32,70,1.94,61,1.44,0.00
M,317,Berry,5.0,5.0,Luton,2,0.10,3,0.15,2,0.11,0.00
D,318,Burke,4.0,4.0,Luton,4,0.08,11,0.36,13,0.38,0.00
M,319,Campbell,4.9,4.9,Luton,19,0.64,19,0.72,19,0.69,0.00
M,320,Clark,5.0,5.0,Luton,0,0.00,0,0.00,0,0.00,0.00
D,321,Doughty,4.5,4.5,Luton,30,0.84,31,1.30,30,1.12,0.00
M,322,Freeman,5.0,5.0,Luton,6,0.34,7,0.40,7,0.41,0.00
G,323,Macey,4.0,4.0,Luton,0,0.00,0,0.00,0,0.00,0.00
F,324,McAtee,4.5,4.5,Luton,13,0.57,13,0.68,16,0.80,0.01
M,325,Mendes,4.5,4.5,Luton,0,0.00,0,0.00,0,0.00,0.00
F,326,Morris,5.5,5.5,Luton,81,2.73,79,3.35,76,3.05,0.00
F,327,Muskwe,4.5,4.5,Luton,0,0.00,0,0.00,0,0.00,0.01
F,328,Ogbene,5.0,5.0,Luton,33,1.16,35,1.39,35,1.36,0.00
M,329,Onyedinma,5.0,5.0,Luton,0,0.00,0,0.00,0,0.00,0.00
D,330,Osho,4.5,4.5,Luton,12,0.24,41,1.17,76,1.85,0.00
F,331,Pepple,4.5,4.5,Luton,0,0.00,0,0.00,0,0.00,0.01
M,332,Pereira,4.5,4.5,Luton,0,0.00,0,0.00,0,0.00,0.00
D,333,Potts,4.0,4.0,Luton,0,0.00,0,0.00,0,0.00,0.00
M,334,Rea,4.5,4.5,Luton,1,0.04,0,0.00,0,0.00,0.00
G,335,Shea,4.5,4.5,Luton,0,0.00,2,0.07,2,0.08,0.00
F,336,Taylor,4.5,4.5,Luton,0,0.00,0,0.00,0,0.00,0.01
M,337,Thorpe,4.5,4.5,Luton,0,0.00,0,0.00,0,0.00,0.00
G,338,Walton,4.0,4.0,Luton,0,0.00,0,0.00,0,0.00,0.00
M,339,Watson,4.5,4.5,Luton,0,0.00,0,0.00,0,0.00,0.00
F,340,Woodrow,4.5,4.5,Luton,2,0.15,2,0.20,4,0.26,0.00
D,341,Akanji,5.1,5.1,Man City,57,3.06,52,2.76,49,2.17,0.01
D,342,Aké,5.1,5.1,Man City,66,3.65,61,3.29,59,2.70,0.00
F,343,J.Alvarez,6.5,6.5,Man City,73,4.69,68,5.24,65,4.04,0.00
M,344,Bernardo,6.4,6.4,Man City,13,0.77,38,2.41,76,3.88,0.00
M,345,Bobb,4.5,4.5,Man City,7,0.38,7,0.41,5,0.28,0.00
D,346,Cancelo,5.9,5.9,Man City,0,0.00,0,0.00,0,0.00,0.00
G,347,Carson,4.0,4.0,Man City,0,0.00,0,0.00,0,0.00,0.00
M,348,Charles,4.5,4.5,Man City,0,0.00,0,0.00,0,0.00,0.00
M,349,De Bruyne,10.3,10.3,Man City,0,0.00,0,0.00,0,0.00,0.00
D,350,Rúben,5.5,5.5,Man City,79,4.21,74,3.86,73,3.21,0.00
M,351,Doyle,4.5,4.5,Man City,0,0.00,0,0.00,0,0.00,0.00
G,352,Ederson M.,5.5,5.5,Man City,86,4.08,85,3.88,87,3.60,0.02
M,353,Foden,7.5,7.5,Man City,68,4.63,66,5.05,62,3.85,0.07
M,354,Grealish,7.4,7.4,Man City,81,5.48,78,5.92,74,4.42,0.00
F,355,Haaland,14.0,14.0,Man City,87,7.24,83,8.28,80,6.13,1.00
M,356,Kovačić,5.0,5.0,Man City,62,2.81,56,2.74,49,2.06,0.00
D,357,Laporte,4.9,4.9,Man City,16,0.85,16,0.86,19,0.88,0.00
D,358,R.Lewis,4.5,4.5,Man City,29,1.62,23,1.24,24,1.11,0.01
M,359,Mahrez,7.5,7.5,Man City,0,0.00,0,0.00,0,0.00,0.00
M,360,McAtee,4.5,4.5,Man City,10,0.69,9,0.71,7,0.55,0.00
G,361,Ortega Moreno,4.0,4.0,Man City,9,0.41,10,0.45,8,0.35,0.00
M,362,Palmer,5.0,5.0,Man City,35,2.50,32,2.56,25,1.64,0.00
M,363,Perrone,4.5,4.5,Man City,6,0.23,5,0.19,5,0.19,0.00
M,364,Phillips,4.9,4.9,Man City,22,0.85,19,0.78,17,0.60,0.00
M,365,Rodrigo,5.6,5.6,Man City,84,3.29,80,3.34,81,2.88,0.00
D,366,Sergio Gómez,4.0,4.0,Man City,8,0.52,8,0.53,7,0.38,0.00
G,367,Steffen,4.0,4.0,Man City,0,0.00,0,0.00,0,0.00,0.00
D,368,Stones,5.4,5.4,Man City,20,1.07,61,3.22,64,2.84,0.01
D,369,Walker,5.0,5.0,Man City,56,3.06,49,2.64,47,2.10,0.00
D,370,Alex Telles,4.5,4.5,Man Utd,0,0.00,0,0.00,0,0.00,0.00
M,371,Amad,4.5,4.5,Man Utd,2,0.12,3,0.14,5,0.32,0.00
M,372,Antony,7.0,7.0,Man Utd,68,4.32,64,2.64,62,3.49,0.00
M,373,B.Fernandes,8.5,8.5,Man Utd,92,6.69,88,3.80,86,5.43,0.92
D,374,B.Williams,4.0,4.0,Man Utd,3,0.13,2,0.04,2,0.07,0.00
D,375,Bailly,4.0,4.0,Man Utd,0,0.00,0,0.00,0,0.00,0.00
M,376,Casemiro,5.5,5.5,Man Utd,88,3.44,87,2.35,87,2.92,0.00
D,377,Dalot,4.9,4.9,Man Utd,71,3.96,70,1.75,67,2.89,0.00
M,378,Elanga,5.0,5.0,Nott'm Forest,40,1.56,41,1.63,42,2.04,0.00
M,379,Eriksen,6.0,6.0,Man Utd,32,2.25,33,1.58,36,2.22,0.00
D,380,Fernandez,4.0,4.0,Man Utd,0,0.00,0,0.00,0,0.00,0.00
M,381,Fred,5.0,5.0,Man Utd,0,0.00,0,0.00,0,0.00,0.00
M,382,Garnacho,5.0,5.0,Man Utd,35,2.46,28,1.39,28,1.80,0.00
M,383,Hannibal,4.5,4.5,Man Utd,0,0.00,0,0.00,0,0.00,0.00
G,384,Heaton,4.0,4.0,Man Utd,0,0.00,0,0.00,0,0.00,0.00
G,385,Henderson,4.5,4.5,Man Utd,2,0.08,2,0.09,4,0.14,0.00
D,386,Lindelof,4.5,4.5,Man Utd,18,0.83,23,0.53,27,1.01,0.00
D,387,Maguire,4.4,4.4,Man Utd,4,0.22,7,0.19,8,0.31,0.00
M,388,Mainoo,4.5,4.5,Man Utd,0,0.00,0,0.00,0,0.00,0.00
D,389,Malacia,4.4,4.4,Man Utd,4,0.17,9,0.22,15,0.60,0.00
F,390,Martial,6.5,6.5,Man Utd,12,0.90,7,0.42,7,0.48,0.00
D,391,Martinez,5.0,5.0,Man Utd,82,4.13,79,1.77,75,2.92,0.02
M,392,McTominay,5.0,5.0,Man Utd,14,0.56,18,0.64,20,0.70,0.00
D,393,Mengi,4.0,4.0,Man Utd,0,0.00,0,0.00,0,0.00,0.00
M,394,Pellistri,4.5,4.5,Man Utd,3,0.20,1,0.07,0,0.00,0.00
D,395,R.Varane,5.0,5.0,Man Utd,86,4.27,81,1.90,78,3.04,0.00
M,396,Rashford,9.0,9.0,Man Utd,87,6.82,83,3.88,81,5.51,0.98
M,397,Sancho,7.0,7.0,Man Utd,48,3.16,36,1.68,35,2.17,0.00
D,398,Shaw,5.5,5.5,Man Utd,85,4.85,82,2.09,78,3.48,0.33
F,399,Shoretire,4.5,4.5,Man Utd,0,0.00,0,0.00,0,0.00,0.00
M,400,Van de Beek,4.9,4.9,Man Utd,7,0.42,9,0.40,11,0.56,0.00
D,401,Wan-Bissaka,4.5,4.5,Man Utd,27,1.47,28,0.78,30,1.29,0.00
M,402,Almirón,6.5,6.5,Newcastle,64,3.13,63,3.13,62,3.59,0.00
M,403,Anderson,4.5,4.5,Newcastle,8,0.45,10,0.54,11,0.62,0.00
D,404,Ashby,4.0,4.0,Newcastle,0,0.00,0,0.00,0,0.00,0.00
D,405,Botman,4.5,4.5,Newcastle,90,2.73,86,2.68,84,3.57,0.20
M,406,Bruno G.,6.0,6.0,Newcastle,91,2.67,88,2.62,84,2.90,0.00
D,407,Burn,4.5,4.5,Newcastle,82,2.58,80,2.59,78,3.40,0.00
G,408,Darlow,4.0,4.0,Newcastle,0,0.00,0,0.00,0,0.00,0.00
G,409,Dubravka,4.0,4.0,Newcastle,0,0.00,2,0.06,3,0.13,0.00
M,410,Fraser,5.0,5.0,Newcastle,2,0.15,3,0.22,4,0.32,0.00
G,411,Gillespie,4.0,4.0,Newcastle,0,0.00,0,0.00,0,0.00,0.00
M,412,Gordon,5.5,5.5,Newcastle,32,1.63,32,1.64,30,1.77,0.00
M,413,Hayden,4.5,4.5,Newcastle,0,0.00,1,0.04,2,0.08,0.00
M,414,Hendrick,4.5,4.5,Newcastle,0,0.00,0,0.00,2,0.10,0.00
F,415,Isak,7.6,7.6,Newcastle,72,3.68,70,3.67,68,4.13,0.00
M,416,Joelinton,6.0,6.0,Newcastle,75,2.58,73,2.55,69,2.81,0.00
D,417,Krafth,4.5,4.5,Newcastle,0,0.00,0,0.00,0,0.00,0.00
M,418,Kuol,4.5,4.5,Newcastle,0,0.00,0,0.00,0,0.00,0.00
D,419,Lascelles,4.0,4.0,Newcastle,8,0.26,10,0.32,12,0.47,0.00
D,420,J.Lewis,4.0,4.0,Newcastle,0,0.00,0,0.00,0,0.00,0.00
M,421,Longstaff,5.0,5.0,Newcastle,19,0.71,22,0.83,22,0.91,0.00
D,422,Manquillo,4.0,4.0,Newcastle,0,0.00,0,0.00,0,0.00,0.00
M,423,J.Murphy,5.0,5.0,Newcastle,20,1.08,21,1.18,21,1.31,0.00
G,424,Pope,5.5,5.5,Newcastle,94,3.49,93,3.47,92,3.85,0.00
M,425,Ritchie,4.5,4.5,Newcastle,2,0.09,4,0.17,5,0.27,0.00
M,426,Saint-Maximin,6.0,6.0,Newcastle,0,0.00,0,0.00,0,0.00,0.00
D,427,Schär,5.0,5.0,Newcastle,90,2.81,87,2.79,86,3.78,0.00
D,428,Targett,4.5,4.5,Newcastle,14,0.50,18,0.66,21,0.95,0.00
M,429,Tonali,5.5,5.5,Newcastle,88,2.68,84,2.61,81,2.91,0.00
D,430,Trippier,6.5,6.5,Newcastle,89,3.35,87,3.35,85,4.54,0.00
D,431,Watts,4.0,4.0,Newcastle,0,0.00,0,0.00,0,0.00,0.00
M,432,Willock,5.4,5.4,Newcastle,0,0.00,0,0.00,6,0.34,0.00
F,433,Wilson,8.0,8.0,Newcastle,60,3.50,56,3.36,56,3.86,0.00
M,434,B.Aguilera,4.5,4.5,Nott'm Forest,0,0.00,0,0.00,0,0.00,0.00
M,435,Arter,4.5,4.5,Nott'm Forest,0,0.00,0,0.00,0,0.00,0.00
D,436,Aurier,4.5,4.5,Nott'm Forest,73,1.25,70,1.50,69,2.80,0.00
F,437,Awoniyi,6.5,6.5,Nott'm Forest,72,2.74,69,2.67,67,3.46,0.00
D,438,Biancone,4.0,4.0,Nott'm Forest,8,0.19,6,0.15,5,0.19,0.00
D,439,Boly,4.5,4.5,Nott'm Forest,70,1.13,63,1.31,61,2.35,0.00
M,440,Bowler,4.5,4.5,Nott'm Forest,0,0.00,0,0.00,0,0.00,0.00
D,441,Cook,4.5,4.5,Nott'm Forest,0,0.00,0,0.00,0,0.00,0.00
M,442,Danilo,5.5,5.5,Nott'm Forest,73,2.02,71,2.02,70,2.40,0.00
F,443,Dennis,4.9,4.9,Nott'm Forest,0,0.00,1,0.07,1,0.10,0.00
D,444,Dräger,4.0,4.0,Nott'm Forest,2,0.04,1,0.04,1,0.05,0.00
D,445,Felipe,4.5,4.5,Nott'm Forest,0,0.00,0,0.00,6,0.23,0.00
M,446,Freuler,5.0,5.0,Nott'm Forest,23,0.76,24,0.79,25,0.92,0.00
M,447,Gibbs-White,6.0,6.0,Nott'm Forest,85,3.00,83,3.00,79,4.01,0.00
G,448,Hennessey,4.0,4.0,Nott'm Forest,0,0.00,0,0.00,3,0.14,0.00
G,449,Horvath,4.5,4.5,Nott'm Forest,0,0.00,2,0.05,0,0.00,0.00
M,450,Johnson,6.0,6.0,Nott'm Forest,61,2.23,59,2.25,61,3.11,0.00
M,451,Kouyaté,5.0,5.0,Nott'm Forest,8,0.33,10,0.39,11,0.45,0.00
D,452,Laryea,4.5,4.5,Nott'm Forest,0,0.00,0,0.00,0,0.00,0.00
M,453,Mangala,5.0,5.0,Nott'm Forest,65,1.82,62,1.78,61,2.05,0.00
D,454,Mbe Soh,4.0,4.0,Nott'm Forest,0,0.00,0,0.00,0,0.00,0.00
D,455,McKenna,4.5,4.5,Nott'm Forest,46,0.75,37,0.79,40,1.49,0.00
M,456,Mighten,4.5,4.5,Nott'm Forest,0,0.00,0,0.00,0,0.00,0.00
D,457,Niakhaté,4.5,4.5,Nott'm Forest,54,0.82,75,1.44,74,2.71,0.00
M,458,O'Brien,5.0,5.0,Nott'm Forest,3,0.11,5,0.19,5,0.22,0.00
M,459,Ojeda,4.5,4.5,Nott'm Forest,0,0.00,0,0.00,0,0.00,0.00
D,460,Panzo,4.0,4.0,Nott'm Forest,0,0.00,0,0.00,2,0.07,0.00
D,461,O.Richards,4.5,4.5,Nott'm Forest,0,0.00,0,0.00,0,0.00,0.00
M,462,G.Scarpa,4.5,4.5,Nott'm Forest,4,0.24,6,0.33,8,0.42,0.00
M,463,J.Shelvey,5.0,5.0,Nott'm Forest,0,0.00,0,0.00,0,0.00,0.00
F,464,Surridge,4.5,4.5,Nott'm Forest,0,0.00,0,0.00,0,0.00,0.01
D,465,Toffolo,4.5,4.5,Nott'm Forest,30,0.66,18,0.48,15,0.66,0.00
F,466,Ui-jo,4.5,4.5,Nott'm Forest,6,0.34,8,0.39,10,0.59,0.01
D,467,Williams,4.5,4.5,Nott'm Forest,37,0.74,35,0.83,34,1.40,0.00
F,468,Wood,5.0,5.0,Nott'm Forest,9,0.50,10,0.54,10,0.64,0.00
D,469,Worrall,4.5,4.5,Nott'm Forest,75,1.07,69,1.25,64,2.29,0.00
M,470,Yates,5.0,5.0,Nott'm Forest,64,1.80,66,1.88,63,2.20,0.00
D,471,Ahmedhodžić,4.5,4.5,Sheffield Utd,85,1.23,81,2.99,79,1.42,0.00
G,472,Amissah,4.0,4.0,Sheffield Utd,0,0.00,0,0.00,0,0.00,0.00
D,473,Baldock,4.0,4.0,Sheffield Utd,54,1.01,73,3.03,68,1.48,0.40
D,474,Basham,4.0,4.0,Sheffield Utd,22,0.37,19,0.69,21,0.42,0.00
M,475,Berge,5.0,5.0,Burnley,80,2.57,84,2.62,82,2.68,0.00
D,476,Bogle,4.5,4.5,Sheffield Utd,11,0.25,12,0.49,21,0.54,0.00
F,477,Brewster,5.0,5.0,Sheffield Utd,0,0.00,0,0.00,0,0.00,0.00
M,478,Coulibaly,4.5,4.5,Sheffield Utd,3,0.10,4,0.16,7,0.26,0.00
G,479,A.Davies,4.0,4.0,Sheffield Utd,2,0.06,2,0.08,3,0.09,0.00
D,480,Egan,4.5,4.5,Sheffield Utd,72,1.02,71,2.51,69,1.20,0.00
M,481,Fleck,5.0,5.0,Sheffield Utd,0,0.00,0,0.00,0,0.00,0.00
G,482,Foderingham,4.5,4.5,Sheffield Utd,93,3.07,93,3.69,92,3.04,0.00
F,483,Jebbison,5.0,5.0,Sheffield Utd,9,0.41,10,0.58,11,0.55,0.00
D,484,Lowe,4.5,4.5,Sheffield Utd,78,1.23,70,2.63,68,1.32,0.00
F,485,McBurnie,5.5,5.5,Sheffield Utd,62,2.09,71,2.96,68,2.39,0.00
F,486,Ndiaye,5.5,5.5,Sheffield Utd,0,0.00,0,0.00,0,0.00,0.00
D,487,Norrington-Davies,4.0,4.0,Sheffield Utd,0,0.00,0,0.00,0,0.00,0.00
M,488,Norwood,5.0,5.0,Sheffield Utd,87,2.43,86,3.08,84,2.44,0.00
M,489,Osborn,5.0,5.0,Sheffield Utd,53,1.60,41,1.54,40,1.30,0.00
F,490,Osula,4.5,4.5,Sheffield Utd,36,1.26,28,1.17,26,0.99,0.09
G,491,Austin,4.0,4.0,Spurs,0,0.00,0,0.00,0,0.00,0.00
M,492,Bentancur,5.5,5.5,Spurs,0,0.00,0,0.00,0,0.00,0.00
M,493,Bissouma,5.0,5.0,Spurs,71,2.13,69,2.07,65,2.27,0.00
M,494,Bryan,5.0,5.0,Spurs,0,0.00,0,0.00,0,0.00,0.00
D,495,Davies,4.5,4.5,Spurs,9,0.29,10,0.36,11,0.51,0.00
D,496,Dier,4.5,4.5,Spurs,6,0.23,9,0.33,10,0.48,0.00
D,497,E.Royal,4.5,4.5,Spurs,73,3.02,70,3.00,68,3.80,0.00
G,498,Forster,4.0,4.0,Spurs,2,0.08,2,0.08,3,0.14,0.00
M,499,Højbjerg,5.4,5.4,Spurs,32,1.06,33,1.09,33,1.22,0.00
F,500,Kane,12.5,12.5,Spurs,0,0.00,0,0.00,0,0.00,0.00
M,501,Kulusevski,7.0,7.0,Spurs,71,3.31,68,3.14,66,3.65,0.00
G,502,Lloris,5.0,5.0,Spurs,0,0.00,0,0.00,0,0.00,0.00
M,503,Lo Celso,4.9,4.9,Spurs,38,1.91,34,1.72,34,2.00,0.00
M,504,Maddison,7.6,7.6,Spurs,69,3.89,84,4.63,82,5.61,0.06
M,505,Ndombele,4.5,4.5,Spurs,2,0.12,1,0.10,2,0.16,0.00
D,506,Pedro Porro,4.9,4.9,Spurs,19,0.91,21,1.04,23,1.40,0.00
D,507,Perišić,5.0,5.0,Spurs,25,1.38,25,1.40,27,1.97,0.00
D,508,Reguilón,4.4,4.4,Spurs,0,0.00,0,0.00,0,0.00,0.00
M,509,Richarlison,7.0,7.0,Spurs,81,4.98,79,4.75,74,5.63,0.14
D,510,Rodon,4.0,4.0,Spurs,0,0.00,0,0.00,0,0.00,0.00
D,511,Romero,4.5,4.5,Spurs,92,3.13,88,3.10,85,4.03,0.00
D,512,Sánchez,4.5,4.5,Spurs,5,0.17,8,0.29,11,0.50,0.00
M,513,Sarr,4.5,4.5,Spurs,23,1.01,23,0.99,26,1.21,0.00
D,514,Sessegnon,4.5,4.5,Spurs,0,0.00,0,0.00,0,0.00,0.00
M,515,Skipp,4.9,4.9,Spurs,45,1.34,43,1.28,45,1.50,0.00
M,516,Son,9.0,9.0,Spurs,85,5.22,83,4.94,80,5.98,0.00
D,517,Spence,4.0,4.0,Spurs,1,0.06,2,0.08,3,0.13,0.00
D,518,Tanganga,4.0,4.0,Spurs,0,0.00,0,0.00,0,0.00,0.00
D,519,Udogie,4.5,4.5,Spurs,78,3.46,77,3.49,75,4.42,0.19
G,520,Vicario,5.0,5.0,Spurs,93,3.67,93,3.74,92,4.22,0.00
G,521,Whiteman,4.0,4.0,Spurs,0,0.00,0,0.00,0,0.00,0.00
D,522,N.Aguerd,4.5,4.5,West Ham,90,2.15,87,3.60,85,1.60,0.00
F,523,Antonio,6.0,6.0,West Ham,59,2.69,58,3.09,55,2.26,0.00
G,524,Areola,4.0,4.0,West Ham,84,2.95,83,3.50,81,2.70,0.01
M,525,Benrahma,6.0,6.0,West Ham,66,2.91,64,3.47,63,2.53,0.00
M,526,Bowen,7.0,7.0,West Ham,88,3.59,86,4.34,83,3.06,0.00
M,527,Cornet,5.5,5.5,West Ham,17,0.86,20,1.16,23,1.05,0.00
D,528,Coufal,4.5,4.5,West Ham,76,1.93,70,2.99,71,1.44,0.00
M,529,Coventry,4.5,4.5,West Ham,0,0.00,0,0.00,0,0.00,0.00
D,530,Cresswell,4.5,4.5,West Ham,23,0.68,25,1.14,28,0.69,0.00
M,531,Downes,5.0,5.0,West Ham,6,0.22,5,0.18,7,0.25,0.00
D,532,Emerson,4.5,4.5,West Ham,70,1.97,66,3.02,63,1.45,0.00
G,533,Fabianski,4.5,4.5,West Ham,11,0.37,12,0.50,14,0.48,0.00
M,534,P.Fornals,5.0,5.0,West Ham,27,1.26,28,1.50,31,1.31,0.00
F,535,Ings,5.9,5.9,West Ham,44,2.06,43,2.36,44,1.84,0.00
D,536,Johnson,4.5,4.5,West Ham,5,0.17,8,0.34,10,0.27,0.00
D,537,Kehrer,4.5,4.5,West Ham,22,0.58,28,1.17,26,0.59,0.00
F,538,Mubama,4.5,4.5,West Ham,3,0.14,4,0.20,5,0.24,0.14
M,539,L.Paquetá,6.0,6.0,West Ham,80,3.02,76,3.54,72,2.51,0.00
M,540,Rice,5.5,5.5,Arsenal,72,2.71,67,2.17,63,2.14,0.00
F,541,Scamacca,6.0,6.0,West Ham,0,0.00,0,0.00,0,0.00,0.00
M,542,Souček,5.0,5.0,West Ham,62,1.98,55,2.02,54,1.61,0.00
M,543,Vlašić,4.5,4.5,West Ham,0,0.00,0,0.00,0,0.00,0.00
D,544,Zouma,4.5,4.5,West Ham,86,2.22,82,3.61,79,1.66,0.00
D,545,Aït-Nouri,4.5,4.5,Wolves,34,1.24,34,1.19,37,1.00,0.00
G,546,Bentley,4.0,4.0,Wolves,1,0.04,2,0.07,3,0.11,0.00
D,547,Bolla,4.0,4.0,Wolves,0,0.00,0,0.00,0,0.00,0.00
D,548,Bueno,4.5,4.5,Wolves,41,1.65,41,1.56,37,1.15,0.00
M,549,Chiquinho,4.5,4.5,Wolves,0,0.00,0,0.00,0,0.00,0.00
M,550,Cundle,4.5,4.5,Wolves,0,0.00,0,0.00,0,0.00,0.00
D,551,Dawson,4.5,4.5,Wolves,92,2.89,89,2.60,88,1.89,0.00
F,552,Fábio Silva,5.5,5.5,Wolves,11,0.53,9,0.46,11,0.53,0.00
D,553,Giles,4.5,4.5,Luton,79,1.65,76,2.62,72,2.14,0.00
M,554,Guedes,5.5,5.5,Wolves,29,1.50,29,1.49,29,1.41,0.00
M,555,Hodge,4.5,4.5,Wolves,26,0.87,12,0.42,13,0.45,0.00
D,556,Hoever,4.0,4.0,Wolves,0,0.00,0,0.00,0,0.00,0.00
M,557,Hee Chan,5.5,5.5,Wolves,34,1.68,32,1.63,34,1.58,0.00
F,558,Raúl,5.5,5.5,Fulham,72,2.65,68,2.37,63,3.72,0.00
M,559,João Gomes,5.0,5.0,Wolves,78,2.15,63,1.80,63,1.70,0.00
D,560,J.Otto,4.5,4.5,Wolves,7,0.24,9,0.31,10,0.29,0.00
M,561,Jordão,4.5,4.5,Wolves,6,0.26,2,0.08,3,0.12,0.00
F,562,Kalajdžić,5.0,5.0,Wolves,29,1.45,27,1.36,29,1.37,0.00
D,563,Kilman,4.5,4.5,Wolves,92,2.90,88,2.60,87,1.89,0.00
G,564,King,4.0,4.0,Wolves,0,0.00,0,0.00,0,0.00,0.00
M,565,Lemina,5.0,5.0,Wolves,79,2.25,72,2.08,70,1.92,0.00
M,566,Matheus N.,5.0,5.0,Wolves,0,0.00,80,2.49,78,2.29,0.00
M,567,Neto,5.5,5.5,Wolves,62,2.59,60,2.52,57,2.25,0.00
M,568,Podence,5.4,5.4,Wolves,34,1.57,33,1.52,32,1.42,0.00
G,569,José Sá,5.0,5.0,Wolves,94,3.56,93,3.42,92,3.13,0.00
M,570,Sarabia,5.0,5.0,Wolves,61,2.71,58,2.61,57,2.41,0.00
G,571,Šarkić,4.0,4.0,Wolves,0,0.00,0,0.00,0,0.00,0.00
D,572,N.Semedo,4.5,4.5,Wolves,86,2.82,83,2.53,81,1.85,0.00
D,573,Toti,4.5,4.5,Wolves,13,0.40,17,0.54,20,0.51,0.00
M,574,Boubacar Traore,4.5,4.5,Wolves,42,1.27,18,0.61,21,0.66,0.00
D,575,Lockyer,4.5,4.5,Luton,90,1.46,85,2.39,79,1.91,0.00
D,576,Robinson,4.5,4.5,Sheffield Utd,43,0.73,41,1.53,44,0.86,0.00
D,577,Ogbonna,4.5,4.5,West Ham,10,0.27,10,0.40,11,0.26,0.00
M,578,Nelson,5.0,5.0,Arsenal,4,0.36,4,0.31,4,0.28,0.00
G,579,Lonergan,4.0,4.0,Everton,0,0.00,0,0.00,0,0.00,0.00
G,580,Karius,4.0,4.0,Newcastle,0,0.00,0,0.00,0,0.00,0.00
D,581,Dummett,4.0,4.0,Newcastle,1,0.04,2,0.07,3,0.12,0.00
M,582,Mpanzu,5.0,5.0,Luton,69,1.81,68,2.00,64,1.83,0.00
M,583,Solomon,5.4,5.4,Spurs,29,1.78,27,1.64,30,2.09,0.00
D,584,Pau,4.5,4.5,Aston Villa,89,3.37,85,1.69,84,3.56,0.00
D,585,J.Timber,4.9,4.9,Arsenal,0,0.00,0,0.00,0,0.00,0.00
M,586,Chong,5.0,5.0,Luton,51,1.82,50,2.14,53,2.11,0.00
M,587,Slimane,5.0,5.0,Sheffield Utd,29,0.91,35,1.25,33,1.05,0.00
D,588,Young,4.5,4.5,Everton,65,3.04,59,2.62,58,1.50,0.00
M,589,Ângelo,5.0,5.0,Chelsea,0,0.00,0,0.00,0,0.00,0.00
F,590,Cunha,5.5,5.5,Wolves,77,3.07,74,2.95,73,2.73,0.00
M,591,Willian,5.4,5.4,Fulham,80,2.83,76,2.56,75,4.34,0.00
D,592,Larouci,4.5,4.5,Sheffield Utd,9,0.26,7,0.30,7,0.24,0.00
F,593,T.Bénie,5.5,5.5,Sheffield Utd,67,2.26,58,2.50,51,1.90,0.00
F,594,Amdouni,5.5,5.5,Burnley,59,2.59,59,2.56,56,2.55,0.00
D,595,Kerkez,4.5,4.5,Bournemouth,40,1.33,31,1.00,34,1.14,0.00
G,596,Trafford,4.5,4.5,Burnley,83,3.11,82,2.95,86,3.36,0.00
G,597,Onana,5.0,5.0,Man Utd,93,4.30,93,3.20,91,3.67,0.18
D,598,Doherty,4.5,4.5,Wolves,16,0.63,18,0.69,20,0.62,0.00
M,599,Diaby,6.6,6.6,Aston Villa,77,4.00,77,3.04,75,4.25,0.00
M,600,Redmond,5.0,5.0,Burnley,14,0.76,15,0.79,11,0.61,0.00
M,601,Danjuma,5.5,5.5,Everton,44,2.77,51,2.93,45,2.17,0.00
D,602,Kaboré,4.0,4.0,Luton,86,1.50,84,2.46,82,2.04,0.31
M,603,Barnes,6.5,6.5,Newcastle,41,2.26,46,2.53,50,3.16,0.00
D,604,Aina,4.5,4.5,Nott'm Forest,40,0.74,62,1.37,67,2.77,0.00
M,605,Koleosho,5.0,5.0,Burnley,52,2.00,49,1.86,45,1.80,0.00
D,606,Igor,4.4,4.4,Brighton,14,0.44,17,0.48,18,0.39,0.00
G,607,Radu,4.5,4.5,Bournemouth,0,0.00,1,0.04,2,0.06,0.00
M,608,Bruun Larsen,5.0,5.0,Burnley,42,1.95,42,1.94,27,1.37,0.00
M,609,Maatsen,5.4,5.4,Chelsea,34,1.47,23,0.95,23,0.85,0.00
D,610,Bassey,4.5,4.5,Fulham,67,0.99,33,0.49,35,1.58,0.00
D,611,Disasi,5.0,5.0,Chelsea,48,2.62,38,1.92,38,1.56,0.00
M,613,Ugochukwu,4.5,4.5,Chelsea,6,0.30,7,0.33,9,0.40,0.00
G,614,Kaminski,4.5,4.5,Luton,84,2.72,81,2.94,80,2.72,0.00
M,615,Matheus França,5.0,5.0,Crystal Palace,0,0.00,0,0.00,0,0.00,0.00
D,616,Gvardiol,5.0,5.0,Man City,67,3.68,63,3.44,61,2.74,0.01
F,617,Højlund,7.0,7.0,Man Utd,14,1.08,51,2.38,51,3.18,0.00
M,618,Kellyman,4.5,4.5,Aston Villa,0,0.00,0,0.00,0,0.00,0.00
D,619,Greenwood,4.0,4.0,Bournemouth,0,0.00,0,0.00,0,0.00,0.00
M,620,Olakigbe,4.5,4.5,Brentford,0,0.00,0,0.00,0,0.00,0.00
M,621,Hinshelwood,4.5,4.5,Brighton,0,0.00,0,0.00,0,0.00,0.00
D,622,Dodgson,4.0,4.0,Burnley,0,0.00,0,0.00,2,0.04,0.00
F,623,Burstow,4.5,4.5,Chelsea,1,0.12,2,0.22,2,0.14,0.00
M,624,Dobbin,4.5,4.5,Everton,2,0.09,2,0.09,0,0.00,0.00
D,625,De Fougerolles,4.0,4.0,Fulham,0,0.00,0,0.00,0,0.00,0.00
D,626,Quansah,4.0,4.0,Liverpool,0,0.00,0,0.00,0,0.00,0.00
M,627,Clark,4.5,4.5,Liverpool,3,0.13,1,0.07,0,0.00,0.00
M,628,Doak,4.5,4.5,Liverpool,0,0.00,0,0.00,0,0.00,0.00
M,629,McConnell,4.5,4.5,Liverpool,3,0.13,1,0.08,0,0.00,0.00
M,630,Barkley,5.0,5.0,Luton,60,2.04,58,2.35,58,2.23,0.00
F,631,Brown,5.0,5.0,Luton,0,0.00,0,0.00,0,0.00,0.00
M,632,Forson,4.5,4.5,Man Utd,0,0.00,0,0.00,0,0.00,0.00
D,633,Livramento,4.5,4.5,Newcastle,5,0.17,7,0.27,8,0.38,0.00
D,634,A.Murphy,4.0,4.0,Newcastle,0,0.00,0,0.00,0,0.00,0.00
M,635,Miley,4.5,4.5,Newcastle,0,0.00,0,0.00,0,0.00,0.00
G,636,G.Shelvey,4.0,4.0,Nott'm Forest,0,0.00,0,0.00,0,0.00,0.00
D,637,Powell,4.0,4.0,Nott'm Forest,0,0.00,0,0.00,0,0.00,0.00
M,638,Vini Souza,5.0,5.0,Sheffield Utd,73,1.67,72,1.96,68,1.61,0.00
D,639,Van de Ven,4.5,4.5,Spurs,86,2.99,83,3.03,81,3.86,0.00
F,640,Scarlett,4.5,4.5,Spurs,0,0.00,0,0.00,0,0.00,0.00
F,641,Veliz,5.5,5.5,Spurs,7,0.47,7,0.48,7,0.50,0.00
M,642,Álvarez,5.0,5.0,West Ham,41,1.20,58,1.81,60,1.52,0.00
D,643,Aarons,4.5,4.5,Bournemouth,68,1.91,58,1.58,50,1.47,0.00
M,644,Scott,5.0,5.0,Bournemouth,0,0.00,0,0.00,0,0.00,0.00
F,645,Y. Chermiti,5.0,5.0,Everton,0,0.00,0,0.00,0,0.00,0.00
G,646,Hein,4.0,4.0,Arsenal,0,0.00,0,0.00,0,0.00,0.00
G,647,Anang,4.0,4.0,West Ham,0,0.00,0,0.00,0,0.00,0.00
D,648,Francis-Clarke,4.0,4.0,Luton,0,0.00,0,0.00,0,0.00,0.00
F,649,Cannon,4.5,4.5,Everton,0,0.00,1,0.07,0,0.00,0.00
M,650,Onyango,4.5,4.5,Everton,0,0.00,0,0.00,0,0.00,0.00
F,651,Stansfield,4.5,4.5,Fulham,0,0.00,0,0.00,0,0.00,0.00
M,652,Dibley-Dias,4.5,4.5,Fulham,0,0.00,0,0.00,0,0.00,0.00
D,653,Seriki,4.0,4.0,Sheffield Utd,0,0.00,0,0.00,0,0.00,0.00
F,654,Marsh,4.5,4.5,Sheffield Utd,0,0.00,0,0.00,0,0.00,0.00
M,655,Brooks,4.5,4.5,Sheffield Utd,0,0.00,0,0.00,0,0.00,0.00
F,656,Hackford,4.5,4.5,Sheffield Utd,3,0.17,0,0.00,1,0.07,0.00
M,657,Rak-Sakyi,4.5,4.5,Crystal Palace,25,0.99,31,1.25,26,1.01,0.00
F,658,Gordon,4.5,4.5,Crystal Palace,0,0.00,0,0.00,1,0.06,0.00
G,659,Bergström,4.0,4.0,Chelsea,2,0.09,2,0.11,3,0.12,0.00
M,660,Odobert,5.0,5.0,Burnley,0,0.00,0,0.00,0,0.00,0.00
M,661,Harrison,5.5,5.5,Everton,0,0.00,0,0.00,22,0.94,0.00
M,662,Adama,5.0,5.0,Fulham,44,1.71,47,1.70,44,2.52,0.00
M,663,Hamer,5.0,5.0,Sheffield Utd,88,2.24,84,2.72,82,2.20,0.00
M,664,Ward-Prowse,6.0,6.0,West Ham,72,2.75,69,3.26,69,2.40,0.00
G,665,Krul,4.5,4.5,Luton,10,0.33,12,0.42,13,0.44,0.00
M,666,T.Davies,5.0,5.0,Sheffield Utd,45,1.38,55,1.92,60,1.75,0.00
M,667,Lavia,5.0,5.0,Chelsea,26,1.02,33,1.21,34,1.15,0.00
M,668,Endo,5.5,5.5,Liverpool,3,0.17,1,0.07,0,0.00,0.00
G,669,Vítek,4.0,4.0,Man Utd,0,0.00,0,0.00,0,0.00,0.00
G,670,Marschall,4.0,4.0,Aston Villa,0,0.00,0,0.00,0,0.00,0.00
D,671,Humphreys,4.0,4.0,Chelsea,0,0.00,0,0.00,0,0.00,0.00
D,10010,Taylor Harwood-Bellis,99.9,99.9,Man City,1,0.06,0,0.00,1,0.07,0.00
F,10011,Mason Greenwood,99.9,99.9,Man Utd,0,0.00,0,0.00,0,0.00,0.00
M,10015,Andy Moran,99.9,99.9,Brighton,0,0.00,0,0.00,0,0.00,0.00
D,10019,Nathan Ferguson,99.9,99.9,Crystal Palace,6,0.19,10,0.36,10,0.25,0.00
D,10038,Jonny Evans,99.9,99.9,Man Utd,0,0.00,1,0.03,2,0.05,0.00
F,10061,Dusan Vlahovic,99.9,99.9,Chelsea,0,0.00,4,0.32,10,0.69,0.00
D,10065,Ashley Phillips,99.9,99.9,Spurs,0,0.00,0,0.00,0,0.00,0.00
G,10067,Arthur Okonkwo,99.9,99.9,Arsenal,0,0.00,0,0.00,0,0.00,0.00
M,10070,Tyler Adams,99.9,99.9,Bournemouth,0,0.00,18,0.48,33,0.85,0.00
M,10075,Luke Harris,99.9,99.9,Fulham,0,0.00,0,0.00,0,0.00,0.00
F,10082,Wilfried Gnonto,99.9,99.9,Everton,4,0.20,9,0.43,11,0.47,0.00
M,10091,Myles Peart-Harris,99.9,99.9,Brentford,0,0.00,0,0.00,0,0.00,0.00
G,10093,Marcelo Pitaluga,99.9,99.9,Liverpool,0,0.00,0,0.00,0,0.00,0.00
M,10094,Wataru Endo,99.9,99.9,Liverpool,37,1.18,48,1.71,55,1.92,0.00
M,10095,Nicolò Zaniolo,99.9,99.9,Aston Villa,0,0.00,0,0.00,0,0.00,0.00